Unnamed: 0,sbj,age,sex,block,phase,trialnr,sound,exclude,AbsoluteAsynchrony,RelativeAsynchrony,AbsoluteCorrectness,RelativeCorrectness,Asynchrony
11,Aljaz,24,moški,ritem,eksperiment,2,R_M1_tapping.wav,0.0,0.7655982905982907,0.4691213539791141,0.0,0.0,
19,Anej,20,moški,ritem,eksperiment,2,R_M1_tapping.wav,0.0,2.68005698005698,1.4807433568785735,0.0,0.0,
35,Gloria,21,ženski,ritem,eksperiment,2,R_M1_tapping.wav,0.0,0.6356125356125356,0.2697051744885678,0.0,0.0,
51,Jernej,23,moški,ritem,eksperiment,2,R_M1_tapping.wav,0.0,0.1469373219373219,0.2002200220022004,1.0,0.0,
59,Jurij,17,ženski,ritem,eksperiment,2,R_M1_tapping.wav,0.0,1.2636752136752136,0.1702819392426132,0.0,1.0,
67,Klara,21,ženski,ritem,eksperiment,2,R_M1_tapping.wav,0.0,1.0986467236467237,0.5756719417231849,0.0,0.0,
75,Lucija,22,ženski,ritem,eksperiment,2,R_M1_tapping.wav,0.0,1.182905982905983,0.622686036533039,0.0,0.0,
83,MajaJ,21,ženski,ritem,eksperiment,2,R_M1_tapping.wav,0.0,2.1746438746438748,2.827656026679371,0.0,0.0,
91,MajaL,21,ženski,ritem,eksperiment,2,R_M1_tapping.wav,0.0,1.264294871794872,0.8212001000679032,0.0,0.0,
99,Mark,20,moški,ritem,eksperiment,2,R_M1_tapping.wav,0.0,0.4398860398860398,0.482421875,0.0,0.0,
107,Masa,21,ženski,ritem,eksperiment,2,R_M1_tapping.wav,0.0,1.3113247863247863,0.6588782279080785,0.0,0.0,
115,Mirkala,21,ženski,ritem,eksperiment,2,R_M1_tapping.wav,0.0,8.41121794871795,3.029218177329611,0.0,0.0,
123,Mitja,26,moški,ritem,eksperiment,2,R_M1_tapping.wav,0.0,0.2985754985754986,0.2632360374020721,0.0,0.0,
131,Natalija,22,ženski,ritem,eksperiment,2,R_M1_tapping.wav,0.0,0.5094017094017094,0.6599143610013173,0.0,0.0,
147,Okti,24,ženski,ritem,eksperiment,2,R_M1_tapping.wav,0.0,2.244301994301994,1.806553186182816,0.0,0.0,
155,Prosky,23,moški,ritem,eksperiment,2,R_M1_tapping.wav,0.0,0.3571937321937322,0.5477020927369716,0.0,0.0,
163,Rene,21,moški,ritem,eksperiment,2,R_M1_tapping.wav,0.0,2.1472934472934475,2.521408429801128,0.0,0.0,
171,Sarah,21,ženski,ritem,eksperiment,2,R_M1_tapping.wav,0.0,2.080698005698006,0.6084073134643838,0.0,0.0,
179,Taja,22,ženski,ritem,eksperiment,2,R_M1_tapping.wav,0.0,0.1649572649572649,0.0759694258016407,1.0,1.0,
187,Teja,21,ženski,ritem,eksperiment,2,R_M1_tapping.wav,0.0,0.9514245014245014,0.5708098307816277,0.0,0.0,
203,Ziga,17,moški,ritem,eksperiment,2,R_M1_tapping.wav,0.0,2.4988603988603986,2.021279761904762,0.0,0.0,
